Workbook

Sheet Sheet1
B1: codCodice | D1: cpNome | F1: propValore
A2: (' | B2: AFF06520 | C2: ,' | D2: Officina | E2: ,' | F2: NO | G2: ),
A3: (' | B3: AFF06520 | C3: ,' | D3: Prodotto Finito | E3: ,' | F3: NO | G3: ),
A4: (' | B4: AFF06520 | C4: ,' | D4: Sartoria | E4: ,' | F4: NO | G4: ),
A5: (' | B5: AFF06520 | C5: ,' | D5: Preassemblaggio | E5: ,' | F5: NO | G5: ),
A6: (' | B6: AFF06520 | C6: ,' | D6: Montatori | E6: ,' | F6: NO | G6: ),
A7: (' | B7: AFF06520 | C7: ,' | D7: Ufficio Acquisti | E7: ,' | F7: NO | G7: ),
A8: (' | B8: AFF06520 | C8: ,' | D8: Officina | E8: ,' | F8: NO | G8: ),
A9: (' | B9: AFF06520 | C9: ,' | D9: Prodotto Finito | E9: ,' | F9: NO | G9: ),
A10: (' | B10: AFF06520 | C10: ,' | D10: Sartoria | E10: ,' | F10: NO | G10: ),
A11: (' | B11: AFF06520 | C11: ,' | D11: Preassemblaggio | E11: ,' | F11: NO | G11: ),
A12: (' | B12: AFF06520 | C12: ,' | D12: Montatori | E12: ,' | F12: NO | G12: ),
A13: (' | B13: AFF06520 | C13: ,' | D13: Ufficio Acquisti | E13: ,' | F13: NO | G13: ),
... A889: (' | B889: AFRK000000001 | C889: ,' | D889: Montatori | E889: ,' | F889: SI | G889: ),

Sheet Foglio1
A1: =_xlfn.CONCAT(Sheet1!A1:G1) -> codCodicecpNomepropValore
A2: =_xlfn.CONCAT(Sheet1!A2:G2) -> ('AFF06520,'Officina,' NO),
A3: =_xlfn.CONCAT(Sheet1!A3:G3) -> ('AFF06520,'Prodotto Finito,' NO),
A4: =_xlfn.CONCAT(Sheet1!A4:G4) -> ('AFF06520,'Sartoria,' NO),
A5: =_xlfn.CONCAT(Sheet1!A5:G5) -> ('AFF06520,'Preassemblaggio,' NO),
A6: =_xlfn.CONCAT(Sheet1!A6:G6) -> ('AFF06520,'Montatori,' NO),
A7: =_xlfn.CONCAT(Sheet1!A7:G7) -> ('AFF06520,'Ufficio Acquisti,' NO),
A8: =_xlfn.CONCAT(Sheet1!A8:G8) -> ('AFF06520,'Officina,'NO),
A9: =_xlfn.CONCAT(Sheet1!A9:G9) -> ('AFF06520,'Prodotto Finito,'NO),
A10: =_xlfn.CONCAT(Sheet1!A10:G10) -> ('AFF06520,'Sartoria,'NO),
A11: =_xlfn.CONCAT(Sheet1!A11:G11) -> ('AFF06520,'Preassemblaggio,'NO),
A12: =_xlfn.CONCAT(Sheet1!A12:G12) -> ('AFF06520,'Montatori,'NO),
... A890: =_xlfn.CONCAT(Sheet1!A890:G890)
